"metric","model","fold","train_end","test_start","test_end","mae","rmse","mape"
"dau","arima","1",2020-12-12,2020-12-13,2020-12-19,780.33651783881,951.810110233874,17.3309233380249
"dau","ets","1",2020-12-12,2020-12-13,2020-12-19,280.241740060381,309.283510662074,6.92300567915982
"dau","snaive","1",2020-12-12,2020-12-13,2020-12-19,678.571428571429,813.560077683265,15.5423716025551
"purchase_sessions","arima","1",2020-12-12,2020-12-13,2020-12-19,31.6843089085182,41.3840854774334,41.0194399368131
"purchase_sessions","ets","1",2020-12-12,2020-12-13,2020-12-19,32.202247048882,42.2007900524888,37.7544493469283
"purchase_sessions","snaive","1",2020-12-12,2020-12-13,2020-12-19,27.2857142857143,32.7261363439071,34.0500860993412
"revenue_usd","arima","1",2020-12-12,2020-12-13,2020-12-19,1945.88078480459,2232.45607543401,34.9076759316641
"revenue_usd","ets","1",2020-12-12,2020-12-13,2020-12-19,2507.12161386256,2859.5794656204,47.6097681426701
"revenue_usd","snaive","1",2020-12-12,2020-12-13,2020-12-19,2154,2629.20531176791,43.7277291603587
"dau","arima","2",2020-12-19,2020-12-20,2020-12-26,1512.01508080414,1757.57506271198,52.2189690783796
"dau","ets","2",2020-12-19,2020-12-20,2020-12-26,1232.22847541682,1419.16088574012,43.2883969658549
"dau","snaive","2",2020-12-19,2020-12-20,2020-12-26,1327,1444.83291174348,46.3192006361626
"purchase_sessions","arima","2",2020-12-19,2020-12-20,2020-12-26,52.7417485679484,58.9309946996499,202.245812963409
"purchase_sessions","ets","2",2020-12-19,2020-12-20,2020-12-26,59.191599275221,62.7977938889065,234.600389875825
"purchase_sessions","snaive","2",2020-12-19,2020-12-20,2020-12-26,69,72.686214059378,255.001737131619
"revenue_usd","arima","2",2020-12-19,2020-12-20,2020-12-26,3850.24127099689,4043.10513973041,324.564966674358
"revenue_usd","ets","2",2020-12-19,2020-12-20,2020-12-26,7762.46939862184,8047.97184867017,657.655335236954
"revenue_usd","snaive","2",2020-12-19,2020-12-20,2020-12-26,5049.14285714286,5335.56040703719,367.006828380127
"dau","arima","3",2020-12-26,2020-12-27,2021-01-02,741.506070970295,854.574515720937,28.0855867929636
"dau","ets","3",2020-12-26,2020-12-27,2021-01-02,475.204898437573,578.084543100412,18.8403047979054
"dau","snaive","3",2020-12-26,2020-12-27,2021-01-02,300.571428571429,342.100653525914,11.2650271672766
"purchase_sessions","arima","3",2020-12-26,2020-12-27,2021-01-02,10.5284914231112,12.14874519805,52.0495513603926
"purchase_sessions","ets","3",2020-12-26,2020-12-27,2021-01-02,7.65123546203382,8.58987453550104,35.1879652414222
"purchase_sessions","snaive","3",2020-12-26,2020-12-27,2021-01-02,13,18.9246626691959,47.0229208800637
"revenue_usd","arima","3",2020-12-26,2020-12-27,2021-01-02,1029.72290360055,1239.94082559286,77.7154111267507
"revenue_usd","ets","3",2020-12-26,2020-12-27,2021-01-02,534.008403989969,731.82903430419,30.8362316544978
"revenue_usd","snaive","3",2020-12-26,2020-12-27,2021-01-02,1187.71428571429,1476.74400528421,73.3072957325037
"dau","arima","4",2021-01-02,2021-01-03,2021-01-09,1015.22403914319,1343.9998245796,23.4256520280171
"dau","ets","4",2021-01-02,2021-01-03,2021-01-09,661.664795797457,874.429990211779,15.7327681511735
"dau","snaive","4",2021-01-02,2021-01-03,2021-01-09,1054,1372.86780135598,24.549737414248
"purchase_sessions","arima","4",2021-01-02,2021-01-03,2021-01-09,7.60111437192726,8.94869520997176,37.8589132861131
"purchase_sessions","ets","4",2021-01-02,2021-01-03,2021-01-09,6.16120834322788,6.46344095089323,26.1579405072163
"purchase_sessions","snaive","4",2021-01-02,2021-01-03,2021-01-09,9.14285714285714,11.5511285781335,42.4461491621548
"revenue_usd","arima","4",2021-01-02,2021-01-03,2021-01-09,1173.51268537857,1239.26355825584,113.372375956057
"revenue_usd","ets","4",2021-01-02,2021-01-03,2021-01-09,370.553450771883,481.730200322984,39.2263947458458
"revenue_usd","snaive","4",2021-01-02,2021-01-03,2021-01-09,678.142857142857,769.293274933002,64.5259443220495
"dau","arima","5",2021-01-09,2021-01-10,2021-01-16,66.8101461767424,89.8783373458805,1.78857979034542
"dau","ets","5",2021-01-09,2021-01-10,2021-01-16,94.7548563631473,106.534184394743,2.6398071866133
"dau","snaive","5",2021-01-09,2021-01-10,2021-01-16,392.857142857143,572.818595069279,10.3899929193773
"purchase_sessions","arima","5",2021-01-09,2021-01-10,2021-01-16,10.9361017003643,13.5713004511802,28.1302742887771
"purchase_sessions","ets","5",2021-01-09,2021-01-10,2021-01-16,10.2998637208531,13.3548800464056,24.3282456253222
"purchase_sessions","snaive","5",2021-01-09,2021-01-10,2021-01-16,12,14.7938211039996,28.8238167607469
"revenue_usd","arima","5",2021-01-09,2021-01-10,2021-01-16,641.30486114431,905.863683508999,26.4450345613293
"revenue_usd","ets","5",2021-01-09,2021-01-10,2021-01-16,500.138142914005,713.985063424351,21.3681689408648
"revenue_usd","snaive","5",2021-01-09,2021-01-10,2021-01-16,703.142857142857,931.61764075796,32.9521112557289
"dau","arima","6",2021-01-16,2021-01-17,2021-01-23,305.637553655323,392.933269577606,7.97894543357406
"dau","ets","6",2021-01-16,2021-01-17,2021-01-23,239.937208560553,298.914817313021,6.61728930564475
"dau","snaive","6",2021-01-16,2021-01-17,2021-01-23,203,261.673460633668,5.68510908000527
"purchase_sessions","arima","6",2021-01-16,2021-01-17,2021-01-23,20.6201817456699,29.393604881519,45.4200750890718
"purchase_sessions","ets","6",2021-01-16,2021-01-17,2021-01-23,22.7004830137997,29.7810075474178,47.1520498697442
"purchase_sessions","snaive","6",2021-01-16,2021-01-17,2021-01-23,20.1428571428571,31.0552503037501,29.4235276501282
"revenue_usd","arima","6",2021-01-16,2021-01-17,2021-01-23,1896.42124222483,2336.4840753276,73.999073954684
"revenue_usd","ets","6",2021-01-16,2021-01-17,2021-01-23,2019.21733161624,2348.32192665007,72.0892287074983
"revenue_usd","snaive","6",2021-01-16,2021-01-17,2021-01-23,1788.85714285714,2388.12969257774,51.5672260779724
"dau","arima","7",2021-01-23,2021-01-24,2021-01-30,301.619089479009,340.905251367557,8.5892788002758
"dau","ets","7",2021-01-23,2021-01-24,2021-01-30,166.924444662517,238.749049492489,5.18360986651537
"dau","snaive","7",2021-01-23,2021-01-24,2021-01-30,217.714285714286,252.265732908772,6.32515023178821
"purchase_sessions","arima","7",2021-01-23,2021-01-24,2021-01-30,22.945767560547,28.3287970754878,50.0775718246412
"purchase_sessions","ets","7",2021-01-23,2021-01-24,2021-01-30,14.9703895169069,18.4645107839645,30.3041734825419
"purchase_sessions","snaive","7",2021-01-23,2021-01-24,2021-01-30,26.7142857142857,30.698999518365,52.4547117969048
"revenue_usd","arima","7",2021-01-23,2021-01-24,2021-01-30,3231.27040687903,3851.82544640353,1461.59854495008
"revenue_usd","ets","7",2021-01-23,2021-01-24,2021-01-30,2998.8174566727,3430.07410857621,1239.42777124647
"revenue_usd","snaive","7",2021-01-23,2021-01-24,2021-01-30,3547.28571428571,3884.29274680181,1334.99912974129
"dau","arima","mean",NA,NA,NA,674.73549972393,818.810910219634,19.9168478945115
"dau","ets","mean",NA,NA,NA,450.13663132835,546.45099727352,14.1750259932667
"dau","snaive","mean",NA,NA,NA,596.244897959184,722.87417613148,17.1537984359162
"purchase_sessions","arima","mean",NA,NA,NA,22.4368163254409,27.5294604276132,65.257376964174
"purchase_sessions","ets","mean",NA,NA,NA,21.8824323401321,25.9503282579396,62.2121734212858
"purchase_sessions","snaive","mean",NA,NA,NA,25.3265306122449,30.3480303681042,69.888992782994
"revenue_usd","arima","mean",NA,NA,NA,1966.90773643268,2264.13411489332,301.800440450704
"revenue_usd","ets","mean",NA,NA,NA,2384.61797120703,2659.07023536691,301.173271239257
"revenue_usd","snaive","mean",NA,NA,NA,2158.32653061224,2487.83472559426,281.155180667147
