"metric","date","forecast","lo80","hi80","lo95","hi95","model"
"dau",2021-02-01,3372.55374580398,2887.71980810476,3857.38768350321,2631.06422488143,4114.04326672654,"ets"
"dau",2021-02-02,3966.7667237531,3196.72767171634,4736.80577578986,2789.0936208842,5144.43982662201,"ets"
"dau",2021-02-03,4033.04458770172,3091.03768019133,4975.05149521212,2592.36934563784,5473.71982976561,"ets"
"dau",2021-02-04,3767.10566180816,2761.27368406235,4772.93763955397,2228.81839824204,5305.39292537429,"ets"
"dau",2021-02-05,3474.50277952381,2444.40722579146,4504.59833325617,1899.10757871322,5049.8979803344,"ets"
"dau",2021-02-06,2900.89841189863,1963.68893533867,3838.10788845859,1467.56020732427,4334.23661647299,"ets"
"dau",2021-02-07,2714.81894923236,1771.47196344322,3658.16593502151,1272.09423430025,4157.54366416448,"ets"
"dau",2021-02-08,3604.3170834005,2270.16592350752,4938.46824329348,1563.90896122606,5644.72520557495,"ets"
"dau",2021-02-09,4236.71488533946,2578.62766548896,5894.80210518996,1700.88931147571,6772.54045920321,"ets"
"dau",2021-02-10,4304.86097391905,2534.02285223517,6075.69909560293,1596.59777619431,7013.12417164379,"ets"
"dau",2021-02-11,4018.57762162249,2289.31196532294,5747.84327792204,1373.89402310584,6663.26122013914,"ets"
"dau",2021-02-12,3704.25148539427,2043.3425637165,5365.16040707204,1164.11049098463,6244.39247980391,"ets"
"dau",2021-02-13,3090.92322995398,1651.62972503846,4530.21673486951,889.713767408418,5292.13269249955,"ets"
"dau",2021-02-14,2891.00604593208,1496.88951808635,4285.12257377781,758.888807505925,5023.12328435823,"ets"
"purchase_sessions",2021-02-01,45.4897444210742,26.9565511456825,64.0229376964658,17.1456712562528,73.8338175858955,"ets"
"purchase_sessions",2021-02-02,53.7927895554417,29.0484910442381,78.5370880666453,15.9496506536858,91.6359284571976,"ets"
"purchase_sessions",2021-02-03,61.439551440425,30.2975543521003,92.5815485287497,13.8119769121776,109.067125968672,"ets"
"purchase_sessions",2021-02-04,51.0261310227638,22.982069184808,79.0701928607196,8.13643960465089,93.9158224408768,"ets"
"purchase_sessions",2021-02-05,61.2050407969769,25.1453513693855,97.2647302245683,6.05650485668102,116.353576737273,"ets"
"purchase_sessions",2021-02-06,35.1489567958205,13.1379886456462,57.1599249459949,1.48608594530815,68.8118276463329,"ets"
"purchase_sessions",2021-02-07,25.7881472356955,8.73563947194588,42.8406549994452,-0.291412855073067,51.8677073264642,"ets"
"purchase_sessions",2021-02-08,53.4755647977164,16.3295293445256,90.6216002509072,-3.3343940163584,110.285523611791,"ets"
"purchase_sessions",2021-02-09,63.0052044306565,17.2247576743779,108.785651186935,-7.00994693028715,133.0203557916,"ets"
"purchase_sessions",2021-02-10,71.7102704716081,17.3955036340323,126.025037309184,-11.356997122186,154.777538065402,"ets"
"purchase_sessions",2021-02-11,59.3571203717692,12.6294726595056,106.084768084033,-12.1066498428868,130.820890586425,"ets"
"purchase_sessions",2021-02-12,70.9701829536026,13.0453162095358,128.895049697669,-17.6182559980578,159.558621905263,"ets"
"purchase_sessions",2021-02-13,40.6319400157621,6.32190883814356,74.9419711933806,-11.8407245453412,93.1046045768654,"ets"
"purchase_sessions",2021-02-14,29.7232259945778,3.8044744317594,55.6419775573962,-9.91608384917218,69.3625358383277,"ets"
"revenue_usd",2021-02-01,397.042584348384,-2058.16782825582,2852.25299695258,-3357.87771113503,4151.96287983179,"arima"
"revenue_usd",2021-02-02,-449.957586621242,-3365.18906184328,2465.2738886008,-4908.41938531187,4008.50421206939,"arima"
"revenue_usd",2021-02-03,-790.950777160052,-3891.740266445,2309.83871212489,-5533.19906902352,3951.29751470342,"arima"
"revenue_usd",2021-02-04,-930.834517418491,-4206.68804888089,2345.01901404391,-5940.8201574159,4079.15112257892,"arima"
"revenue_usd",2021-02-05,-904.473447825715,-4346.49861657875,2537.55172092732,-6168.59667627303,4359.6497806216,"arima"
"revenue_usd",2021-02-06,-917.653982622103,-4518.18979900612,2682.88183376191,-6424.19832690708,4588.89036166288,"arima"
"revenue_usd",2021-02-07,-985.257370771319,-4737.61383941856,2767.09909787592,-6723.99136590258,4753.47662435994,"arima"
"revenue_usd",2021-02-08,-816.44338371804,-5116.69066577301,3483.80389833693,-7393.10406912896,5760.21730169288,"arima"
"revenue_usd",2021-02-09,-1176.56968133132,-5809.84482533473,3456.7054626721,-8262.55252967054,5909.41316700791,"arima"
"revenue_usd",2021-02-10,-1321.55266885481,-6193.37324869347,3550.26791098386,-8772.35927886204,6129.25394115243,"arima"
"revenue_usd",2021-02-11,-1381.02823356207,-6480.24709180294,3718.19062467879,-9179.61049910863,6417.55403198448,"arima"
"revenue_usd",2021-02-12,-1369.82007243183,-6686.72050090883,3947.08035604518,-9501.31757075691,6761.67742589325,"arima"
"revenue_usd",2021-02-13,-1375.42415299695,-6901.4378490023,4150.58954300839,-9826.73279592538,7075.88448993148,"arima"
"revenue_usd",2021-02-14,-1404.16766299225,-7131.66489743405,4323.32957144954,-10163.6187868245,7355.28346084002,"arima"
