"item","value","unit","basis","source"
"baseline_step_conversion",0.19692287717476,"fraction","measured","output/q2_worst_step_test.csv"
"addressable_sessions_92d",77020,"sessions","measured","output/q2_worst_step_test.csv"
"addressable_sessions_year",305568.47826087,"sessions","calculated","addressable_sessions_92d * 365/92"
"cart_to_purchase_conversion",0.186853036197007,"fraction","measured","pooled from output/q2_funnel_steps.csv"
"relative_lift",0.1,"fraction","assumed","config/assumptions.yml (low/point/high)"
"aov_usd",93.1487138263666,"usd","measured","output/q3_holiday_value_volume.csv"
"gross_margin",0.65,"fraction","assumed","config/assumptions.yml (low/point/high)"
"incremental_carts_year",6017.34239130435,"carts","calculated","addressable_year * baseline * lift"
"incremental_purchases_year",1124.35869565218,"purchases","calculated","incremental_carts * cart_to_purchase"
"incremental_revenue_year",104732.566379491,"usd","calculated","purchases * aov"
"incremental_gross_profit_year",68076.1681466693,"usd","calculated","revenue * gross_margin"
"build_cost_usd",50000,"usd","assumed","config/assumptions.yml (low/point/high)"
"yearly_maintenance_usd",12000,"usd","assumed","config/assumptions.yml (low/point/high)"
"net_benefit_year1",6076.16814666934,"usd","calculated","gross_profit - build - maintenance"
"roi_year1",0.0980027120430539,"fraction","calculated","net_benefit / total_cost"
"payback_months",10.6997325214996,"months","calculated","build / ((gross_profit - maintenance) / 12)"
"break_even_lift",0.0910744562861143,"fraction","calculated","lift where net benefit = 0"
"disclaimer",NA,"","assumed","The relative lift is an ASSUMPTION, not a measured effect."
