"term","term_label","reference","odds_ratio","std.error","statistic","p_value","ci_low","ci_high"
"(Intercept)","intercept","",0.00934093903341321,0.0378195537583379,-123.56963603399,0,0.00867045856765128,0.0100560999459225
"device_categorymobile","device: mobile","desktop",1.05540506766023,0.0297311401517346,1.81374287536841,0.0697173208415696,0.995570696481003,1.11864237975374
"device_categorytablet","device: tablet","desktop",1.00287425057786,0.100934350185064,0.0284355901872568,0.977314738805423,0.817930460111189,1.21542471324812
"is_returning_user","returning user (vs new)","0 (new)",4.02296773354227,0.0292796505492481,47.5422297167634,0,3.79885594691885,4.26092231097771
"country_groupCanada","country: Canada","United States",1.09871813032034,0.0557361510488887,1.68910415283744,0.0911994721634437,0.983693785838188,1.22397889532151
"country_groupChina","country: China","United States",0.940264797059029,0.115046504535171,-0.53538127592572,0.592386234967784,0.744569792804795,1.1695719988213
"country_groupFrance","country: France","United States",1.07052455801178,0.102517852165254,0.664750265812629,0.506210237672927,0.870359263937914,1.30140213478432
"country_groupGermany","country: Germany","United States",0.964868336654149,0.114358436840869,-0.312732725630789,0.75448373031163,0.765162080919594,1.19866838596371
"country_groupIndia","country: India","United States",0.994537225411526,0.0525084007176343,-0.104321404388495,0.916914292342812,0.896262506916791,1.10115844543042
"country_groupItaly","country: Italy","United States",0.821502519119907,0.13777274080565,-1.42713481543393,0.153541038934013,0.619806619576507,1.06479125550907
"country_groupOther","country: Other","United States",1.002968190103,0.0361056316614936,0.0820867434731721,0.934577734722197,0.934242581290669,1.0763013675981
"country_groupSpain","country: Spain","United States",1.12332501162673,0.104043208175949,1.11773800193315,0.263678907310656,0.910388399842089,1.36944499329785
"country_groupTaiwan","country: Taiwan","United States",0.996759860491565,0.11509568291978,-0.0281974097083433,0.977504703157511,0.789235950525938,1.23997252104703
"country_groupUnited Kingdom","country: United Kingdom","United States",1.00009648827484,0.0851266917877976,0.00113341207224471,0.999095668200149,0.84304664632502,1.17727434333402
"week_idx","week index (per week)","numeric",0.96510932833469,0.00399659221998786,-8.8860430322857,6.33238393167248e-19,0.957569930192185,0.972690711909082
