"device_category","step_from","step_to","entered","exited","conversion","dropped_sessions","ci_low","ci_high"
"desktop","sessions","view_item_sessions",44982,44819,0.996376328309101,163,0.995777066068558,0.996890816800263
"mobile","sessions","view_item_sessions",30630,30501,0.995788442703232,129,0.994998420343423,0.996454122127534
"tablet","sessions","view_item_sessions",1705,1700,0.997067448680352,5,0.993153333031805,0.998746758840822
"desktop","view_item_sessions","add_to_cart_sessions",44819,8776,0.195809812802606,36043,0.192162163769329,0.199509601951937
"mobile","view_item_sessions","add_to_cart_sessions",30501,6070,0.199009868528901,24431,0.194567234372279,0.203528309746972
"tablet","view_item_sessions","add_to_cart_sessions",1700,321,0.188823529411765,1379,0.170928719655682,0.208121488024856
"desktop","add_to_cart_sessions","begin_checkout_sessions",8776,3109,0.35426162260711,5667,0.344320691046215,0.364330084483439
"mobile","add_to_cart_sessions","begin_checkout_sessions",6070,2194,0.361449752883031,3876,0.349455089287501,0.373619671322635
"tablet","add_to_cart_sessions","begin_checkout_sessions",321,113,0.35202492211838,208,0.301808188572425,0.405741456276209
"desktop","begin_checkout_sessions","purchase_sessions",3109,1601,0.51495657767771,1508,0.497381316891871,0.53249492358818
"mobile","begin_checkout_sessions","purchase_sessions",2194,1172,0.534184138559708,1022,0.513269672335891,0.554979108484035
"tablet","begin_checkout_sessions","purchase_sessions",113,61,0.539823008849557,52,0.44813144015193,0.628896013038392
